Dataset,ave_n_neighbors,n_observations,n_features,n_classes,Endpoint,Imbalance,Task,Metadata,seed,n_neighbors,p,weight,score,
analcatdata_aids,11,50,4,2,binary,0,classification,,1,11,2,u,0.1538,
,,,,,,,,,2,11,2,u,0.1538,
,,,,,,,,,3,11,2,u,0.1538,
,,,,,,,,,4,11,1,u,0.1538,
,,,,,,,,,5,11,2,u,0.1538,
,,,,,,,,,6,11,2,u,0.1538,
,,,,,,,,,7,11,2,u,0.1538,
,,,,,,,,,8,11,1,u,0.1538,
,,,,,,,,,9,11,2,u,0.1538,
,,,,,,,,,10,11,1,u,0.1538,
,,,,,,,,,,,,,,
analcatdata_asbestos,2,83,3,2,binary,0.01,classification,,1,2,1,u,0.619,
,,,,,,,,,2,2,1,u,0.619,
,,,,,,,,,3,2,1,u,0.619,
,,,,,,,,,4,2,1,u,0.619,
,,,,,,,,,5,2,1,u,0.619,
,,,,,,,,,6,2,1,u,0.619,
,,,,,,,,,7,2,1,u,0.619,
,,,,,,,,,8,2,1,u,0.619,
,,,,,,,,,9,2,1,u,0.619,
,,,,,,,,,10,2,1,u,0.619,Haci segui copiando
,,,,,,,,,,,,,,
analcatdata_authorship,10.8,841,70,4,categorical,0.08,classification,,1,6,1,d,0.9953,
,,,,,,,,,2,22,1,u,0.9905,
,,,,,,,,,3,6,1,d,0.9953,
,,,,,,,,,4,6,1,d,0.9953,
,,,,,,,,,5,6,1,d,0.9953,
,,,,,,,,,6,22,1,u,0.9905,
,,,,,,,,,7,6,1,d,0.9953,
,,,,,,,,,8,6,1,d,0.9953,
,,,,,,,,,9,22,1,u,0.9905,
,,,,,,,,,10,6,1,d,0.9953,
,,,,,,,,,,,,,,
analcatdata_bankruptcy,4.6,50,6,2,binary,0,classification,,1,4,1,d,0.6923,
,,,,,,,,,2,4,1,d,0.6923,
,,,,,,,,,3,4,1,d,0.6923,
,,,,,,,,,4,6,1,d,0.7692,
,,,,,,,,,5,4,1,d,0.6923,
,,,,,,,,,6,4,1,d,0.6923,
,,,,,,,,,7,4,1,d,0.6923,
,,,,,,,,,8,6,1,d,0.7692,
,,,,,,,,,9,4,1,d,0.6923,
,,,,,,,,,10,6,1,d,0.7692,
,,,,,,,,,,,,,,
analcatdata_boxing1,21,120,3,2,binary,0.09,classification,,1,21,1,d,0.7333,
,,,,,,,,,2,21,1,d,0.7333,
,,,,,,,,,3,21,1,d,0.7333,
,,,,,,,,,4,21,1,d,0.7333,
,,,,,,,,,5,21,1,d,0.7333,
,,,,,,,,,6,21,1,d,0.7333,
,,,,,,,,,7,21,1,d,0.7333,
,,,,,,,,,8,21,1,d,0.7333,
,,,,,,,,,9,21,1,d,0.7333,
,,,,,,,,,10,21,1,d,0.7333,
,,,,,,,,,,,,,,
analcatdata_boxing2,18.5,132,3,2,binary,0.01,classification,,1,18,1,d,0.7878,
,,,,,,,,,2,19,1,d,0.7272,
,,,,,,,,,3,18,1,d,0.7878,
,,,,,,,,,4,19,1,d,0.7272,
,,,,,,,,,5,18,1,d,0.7879,
,,,,,,,,,6,19,1,d,0.7273,
,,,,,,,,,7,18,1,d,0.7879,
,,,,,,,,,8,19,1,d,0.7273,
,,,,,,,,,9,18,1,d,0.7879,
,,,,,,,,,10,19,1,d,0.7273,
,,,,,,,,,,,,,,
analcatdata_creditscore,1.6,100,6,2,binary,0.21,classification,,1,2,2,d,1,
,,,,,,,,,2,1,2,d,1,
,,,,,,,,,3,2,2,d,1,
,,,,,,,,,4,2,2,d,1,
,,,,,,,,,5,2,2,d,1,
,,,,,,,,,6,1,2,d,1,
,,,,,,,,,7,2,2,d,1,
,,,,,,,,,8,2,2,d,1,
,,,,,,,,,9,1,2,d,1,
,,,,,,,,,10,1,2,d,1,
,,,,,,,,,,,,,,
analcatdata_cyyoung8092,6,97,10,2,binary,0.26,classification,,1,6,1,d,0.84,
,,,,,,,,,2,6,1,d,0.84,
,,,,,,,,,3,6,1,d,0.84,
,,,,,,,,,4,6,1,d,0.84,
,,,,,,,,,5,6,1,d,0.84,
,,,,,,,,,6,6,1,d,0.84,
,,,,,,,,,7,6,1,d,0.84,
,,,,,,,,,8,6,1,d,0.84,
,,,,,,,,,9,6,1,d,0.84,
,,,,,,,,,10,6,1,d,0.84,
,,,,,,,,,,,,,,
analcatdata_cyyoung9302,3,92,10,2,binary,0.34,classification,,1,3,2,u,0.8696,
,,,,,,,,,2,3,2,u,0.8696,
,,,,,,,,,3,3,2,u,0.8696,
,,,,,,,,,4,3,2,u,0.8696,
,,,,,,,,,5,3,2,u,0.8696,
,,,,,,,,,6,3,2,u,0.8696,
,,,,,,,,,7,3,2,u,0.8696,
,,,,,,,,,8,3,2,u,0.8696,
,,,,,,,,,9,3,2,u,0.8696,
,,,,,,,,,10,3,2,u,0.8696,
,,,,,,,,,,,,,,
analcatdata_dmft,52,797,4,6,categorical,0,classification,,1,52,2,u,0.14,
,,,,,,,,,2,52,2,u,0.14,
,,,,,,,,,3,52,2,u,0.14,
,,,,,,,,,4,52,2,u,0.14,
,,,,,,,,,5,52,2,u,0.14,
,,,,,,,,,6,52,2,u,0.14,
,,,,,,,,,7,52,2,u,0.14,
,,,,,,,,,8,52,2,u,0.14,
,,,,,,,,,9,52,2,u,0.14,
,,,,,,,,,10,52,2,u,0.14,
,,,,,,,,,,,,,,
analcatdata_fraud,19.3,42,11,2,binary,0.15,classification,,1,20,2,u,0.6364,
,,,,,,,,,2,21,1,d,0.6364,
,,,,,,,,,3,16,2,d,0.6364,
,,,,,,,,,4,22,2,d,0.6364,
,,,,,,,,,5,20,2,u,0.6364,
,,,,,,,,,6,21,1,d,0.6364,
,,,,,,,,,7,16,2,d,0.6364,
,,,,,,,,,8,22,2,d,0.6364,
,,,,,,,,,9,18,1,d,0.6364,
,,,,,,,,,10,17,2,u,0.6364,
,,,,,,,,,,,,,,
analcatdata_germangss,49,400,5,4,categorical,0,classification,,1,49,1,u,0.31,
,,,,,,,,,2,49,1,u,0.31,
,,,,,,,,,3,49,1,u,0.31,
,,,,,,,,,4,49,1,u,0.31,
,,,,,,,,,5,49,1,u,0.31,
,,,,,,,,,6,49,1,u,0.31,
,,,,,,,,,7,49,1,u,0.31,
,,,,,,,,,8,49,1,u,0.31,
,,,,,,,,,9,49,1,u,0.31,
,,,,,,,,,10,49,1,u,0.31,
,,,,,,,,,,,,,,
analcatdata_happiness,25,60,3,3,categorical,0,classification,,1,25,2,u,0.7333,
,,,,,,,,,2,25,2,u,0.7333,
,,,,,,,,,3,25,2,u,0.7333,
,,,,,,,,,4,25,2,u,0.7333,
,,,,,,,,,5,25,2,u,0.7333,
,,,,,,,,,6,25,2,u,0.7333,
,,,,,,,,,7,25,2,u,0.7333,
,,,,,,,,,8,25,2,u,0.7333,
,,,,,,,,,9,25,2,u,0.7333,
,,,,,,,,,10,25,2,u,0.7333,
,,,,,,,,,,,,,,
analcatdata_japansolvent,27,52,9,2,binary,0,classification,,1,27,1,u,0.6154,
,,,,,,,,,2,27,1,u,0.6154,
,,,,,,,,,3,27,1,u,0.6154,
,,,,,,,,,4,27,1,u,0.6154,
,,,,,,,,,5,27,1,u,0.6154,
,,,,,,,,,6,27,1,u,0.6154,
,,,,,,,,,7,27,1,u,0.6154,
,,,,,,,,,8,27,1,u,0.6154,
,,,,,,,,,9,27,1,u,0.6154,
,,,,,,,,,10,27,1,u,0.6154,
,,,,,,,,,,,,,,
analcatdata_lawsuit,9.3,264,4,2,binary,0.73,classification,,1,10,2,d,0.9545,
,,,,,,,,,2,8,2,d,0.9545,
,,,,,,,,,3,9,2,d,0.9545,
,,,,,,,,,4,10,2,d,0.9545,
,,,,,,,,,5,10,2,d,0.9545,
,,,,,,,,,6,8,2,d,0.9545,
,,,,,,,,,7,9,2,d,0.9545,
,,,,,,,,,8,10,2,d,0.9545,
,,,,,,,,,9,9,2,d,0.9545,
,,,,,,,,,10,10,2,d,0.9545,
,,,,,,,,,,,,,,
appendicitis,13.6,106,7,2,binary,0.36,classification,,1,16,1,d,0.8148,
,,,,,,,,,2,15,1,d,0.8148,
,,,,,,,,,3,8,1,d,0.8148,
,,,,,,,,,4,15,1,u,0.8148,
,,,,,,,,,5,16,1,d,0.8148,
,,,,,,,,,6,15,1,d,0.8148,
,,,,,,,,,7,8,1,d,0.8148,
,,,,,,,,,8,15,1,u,0.8148,
,,,,,,,,,9,13,1,u,0.8148,
,,,,,,,,,10,15,1,d,0.8148,
,,,,,,,,,,,,,,
australian,16,690,14,2,binary,0.01,classification,,1,16,1,u,0.7457,
,,,,,,,,,2,16,1,u,0.7457,
,,,,,,,,,3,16,1,u,0.7457,
,,,,,,,,,4,16,1,u,0.7457,
,,,,,,,,,5,16,1,u,0.7457,
,,,,,,,,,6,16,1,u,0.7457,
,,,,,,,,,7,16,1,u,0.7457,
,,,,,,,,,8,16,1,u,0.7457,
,,,,,,,,,9,16,1,u,0.7457,
,,,,,,,,,10,16,1,u,0.7457,
,,,,,,,,,,,,,,
auto,6,202,25,5,categorical,0.05,classification,,1,6,1,d,0.6275,
,,,,,,,,,2,6,1,d,0.6275,
,,,,,,,,,3,6,1,d,0.6275,
,,,,,,,,,4,6,1,d,0.6275,
,,,,,,,,,5,6,1,d,0.6275,
,,,,,,,,,6,6,1,d,0.6275,
,,,,,,,,,7,6,1,d,0.6275,
,,,,,,,,,8,6,1,d,0.6275,
,,,,,,,,,9,6,1,d,0.6275,
,,,,,,,,,10,6,1,d,0.6275,
,,,,,,,,,,,,,,
backache,44.5,180,32,2,binary,0.52,classification,,1,45,2,d,0.8222,
,,,,,,,,,2,38,2,u,0.8222,
,,,,,,,,,3,41,2,d,0.8222,
,,,,,,,,,4,25,2,d,0.8222,
,,,,,,,,,5,45,2,d,0.8222,
,,,,,,,,,6,38,2,u,0.8222,
,,,,,,,,,7,41,2,d,0.8222,
,,,,,,,,,8,25,2,d,0.8222,
,,,,,,,,,9,47,2,d,0.8222,
,,,,,,,,,10,100,1,d,0.8222,
,,,,,,,,,,,,,,
balance_scale,96.9,625,4,3,categorical,0.15,classification,,1,99,1,d,0.8917,
,,,,,,,,,2,95,1,d,0.898,
,,,,,,,,,3,95,1,d,0.898,
,,,,,,,,,4,99,1,d,0.8917,
,,,,,,,,,5,99,1,d,0.8917,
,,,,,,,,,6,95,1,d,0.898,
,,,,,,,,,7,95,1,d,0.898,
,,,,,,,,,8,99,1,d,0.8917,
,,,,,,,,,9,95,1,d,0.898,
,,,,,,,,,10,98,1,d,0.8917,
,,,,,,,,,,,,,,
biomed,1.6,209,8,2,binary,0.08,classification,,1,2,2,d,0.9245,
,,,,,,,,,2,1,2,d,0.9245,
,,,,,,,,,3,2,2,d,0.9245,
,,,,,,,,,4,2,2,d,0.9245,
,,,,,,,,,5,2,2,d,0.9245,
,,,,,,,,,6,1,2,d,0.9245,
,,,,,,,,,7,2,2,d,0.9245,
,,,,,,,,,8,2,2,d,0.9245,
,,,,,,,,,9,1,2,d,0.9245,
,,,,,,,,,10,1,2,d,0.9245,
,,,,,,,,,,,,,,
breast_cancer_wisconsin,5,569,30,2,binary,0.06,classification,,1,5,1,u,0.951,
,,,,,,,,,2,5,1,u,0.951,
,,,,,,,,,3,5,1,u,0.951,
,,,,,,,,,4,5,1,u,0.951,
,,,,,,,,,5,5,1,u,0.951,
,,,,,,,,,6,5,1,u,0.951,
,,,,,,,,,7,5,1,u,0.951,
,,,,,,,,,8,5,1,u,0.951,
,,,,,,,,,9,5,1,u,0.951,
,,,,,,,,,10,5,1,u,0.951,
,,,,,,,,,,,,,,
breast_cancer,29,286,9,2,binary,0.16,classification,,1,29,1,d,0.7361,
,,,,,,,,,2,29,1,d,0.7361,
,,,,,,,,,3,29,1,d,0.7361,
,,,,,,,,,4,29,1,d,0.7361,
,,,,,,,,,5,29,1,d,0.7361,
,,,,,,,,,6,29,1,d,0.7361,
,,,,,,,,,7,29,1,d,0.7361,
,,,,,,,,,8,29,1,d,0.7361,
,,,,,,,,,9,29,1,d,0.7361,
,,,,,,,,,10,29,1,d,0.7361,
,,,,,,,,,,,,,,
breast_w,5,699,9,2,binary,0.1,classification,,1,5,2,d,0.96,
,,,,,,,,,2,5,2,d,0.96,
,,,,,,,,,3,5,2,d,0.96,
,,,,,,,,,4,5,2,d,0.96,
,,,,,,,,,5,5,2,d,0.96,
,,,,,,,,,6,5,2,d,0.96,
,,,,,,,,,7,5,2,d,0.96,
,,,,,,,,,8,5,2,d,0.96,
,,,,,,,,,9,5,2,d,0.96,
,,,,,,,,,10,5,2,d,0.96,
,,,,,,,,,,,,,,
breast,19,699,10,2,binary,0.1,classification,,1,19,1,d,0.6171,
,,,,,,,,,2,19,1,d,0.6171,
,,,,,,,,,3,19,1,d,0.6171,
,,,,,,,,,4,19,1,d,0.6171,
,,,,,,,,,5,19,1,d,0.6171,
,,,,,,,,,6,19,1,d,0.6171,
,,,,,,,,,7,19,1,d,0.6171,
,,,,,,,,,8,19,1,d,0.6171,
,,,,,,,,,9,19,1,d,0.6171,
,,,,,,,,,10,19,1,d,0.6171,
,,,,,,,,,,,,,,
buggyCrx,8,690,15,2,binary,0.01,classification,,1,8,1,d,0.682,
,,,,,,,,,2,8,1,d,0.682,
,,,,,,,,,3,8,1,d,0.682,
,,,,,,,,,4,8,1,d,0.682,
,,,,,,,,,5,8,1,d,0.682,
,,,,,,,,,6,8,1,d,0.682,
,,,,,,,,,7,8,1,d,0.682,
,,,,,,,,,8,8,1,d,0.682,
,,,,,,,,,9,8,1,d,0.682,
,,,,,,,,,10,8,1,d,0.682,
,,,,,,,,,,,,,,
bupa,24,345,5,2,binary,0,classification,,1,24,2,u,0.5057,
,,,,,,,,,2,24,2,u,0.5057,
,,,,,,,,,3,24,2,u,0.5057,
,,,,,,,,,4,24,2,u,0.5057,
,,,,,,,,,5,24,2,u,0.5057,
,,,,,,,,,6,24,2,u,0.5057,
,,,,,,,,,7,24,2,u,0.5057,
,,,,,,,,,8,24,2,u,0.5057,
,,,,,,,,,9,24,2,u,0.5057,
,,,,,,,,,10,24,2,u,0.5057,
,,,,,,,,,,,,,,
calendarDOW,16,399,32,5,categorical,0.01,classification,,1,16,1,d,0.59,
,,,,,,,,,2,16,1,d,0.59,
,,,,,,,,,3,16,1,d,0.59,
,,,,,,,,,4,16,1,d,0.59,
,,,,,,,,,5,16,1,d,0.59,
,,,,,,,,,6,16,1,d,0.59,
,,,,,,,,,7,16,1,d,0.59,
,,,,,,,,,8,16,1,d,0.59,
,,,,,,,,,9,16,1,d,0.59,
,,,,,,,,,10,16,1,d,0.59,
,,,,,,,,,,,,,,
cars,7,392,8,3,categorical,0.19,classification,,1,7,1,d,0.8061,
,,,,,,,,,2,7,1,d,0.8061,
,,,,,,,,,3,7,1,d,0.8061,
,,,,,,,,,4,7,1,d,0.8061,
,,,,,,,,,5,7,1,d,0.8061,
,,,,,,,,,6,7,1,d,0.8061,
,,,,,,,,,7,7,1,d,0.8061,
,,,,,,,,,8,7,1,d,0.8061,
,,,,,,,,,9,7,1,d,0.8061,
,,,,,,,,,10,7,1,d,0.8061,
,,,,,,,,,,,,,,
cars1,13,392,7,3,categorical,0.19,classification,,1,13,1,d,0.7551,
,,,,,,,,,2,13,1,d,0.7551,
,,,,,,,,,3,13,1,d,0.7551,
,,,,,,,,,4,13,1,d,0.7551,
,,,,,,,,,5,13,1,d,0.7551,
,,,,,,,,,6,13,1,d,0.7551,
,,,,,,,,,7,13,1,d,0.7551,
,,,,,,,,,8,13,1,d,0.7551,
,,,,,,,,,9,13,1,d,0.7551,
,,,,,,,,,10,13,1,d,0.7551,
,,,,,,,,,,,,,,
clean1,2,476,168,2,binary,0.02,classification,,1,2,2,u,0.8908,
,,,,,,,,,2,2,2,u,0.8908,
,,,,,,,,,3,2,2,u,0.8908,
,,,,,,,,,4,2,2,u,0.8908,
,,,,,,,,,5,2,2,u,0.8908,
,,,,,,,,,6,2,2,u,0.8908,
,,,,,,,,,7,2,2,u,0.8908,
,,,,,,,,,8,2,2,u,0.8908,
,,,,,,,,,9,2,2,u,0.8908,
,,,,,,,,,10,2,2,u,0.8908,
,,,,,,,,,,,,,,
cleve,5,303,13,2,binary,0.01,classification,,1,5,1,u,0.7105,
cleve,,,,,,,,,2,5,1,u,0.7105,
cleve,,,,,,,,,3,5,1,u,0.7105,
cleve,,,,,,,,,4,5,1,u,0.7105,
,,,,,,,,,5,5,1,u,0.7105,
,,,,,,,,,6,5,1,u,0.7105,
,,,,,,,,,7,5,1,u,0.7105,
,,,,,,,,,8,5,1,u,0.7105,
,,,,,,,,,9,5,1,u,0.7105,
,,,,,,,,,10,5,1,u,0.7105,
,,,,,,,,,,,,,,
cleveland_nominal,51.5,303,7,5,categorical,0.19,classification,,1,53,1,u,0.5658,
cleveland_nominal,,,,,,,,,2,41,1,u,0.5526,
cleveland_nominal,,,,,,,,,3,53,1,u,0.5658,
cleveland_nominal,,,,,,,,,4,60,1,u,0.5526,
,,,,,,,,,5,53,1,u,0.5658,
,,,,,,,,,6,41,1,u,0.5526,
,,,,,,,,,7,53,1,u,0.5658,
,,,,,,,,,8,60,1,u,0.5526,
,,,,,,,,,9,41,1,u,0.5526,
,,,,,,,,,10,60,1,u,0.5526,
,,,,,,,,,,,,,,
cleveland,27,303,13,5,categorical,0.19,classification,,1,27,2,u,0.5131,
cleveland,,,,,,,,,2,27,2,u,0.5131,
cleveland,,,,,,,,,3,27,2,u,0.5131,
cleveland,,,,,,,,,4,27,2,u,0.5131,
,,,,,,,,,5,27,2,u,0.5131,
,,,,,,,,,6,27,2,u,0.5131,
,,,,,,,,,7,27,2,u,0.5131,
,,,,,,,,,8,27,2,u,0.5131,
,,,,,,,,,9,27,2,u,0.5131,
,,,,,,,,,10,27,2,u,0.5131,
,,,,,,,,,,,,,,
cloud,1.6,108,7,4,categorical,0.01,classification,,1,2,2,d,0.8148,
cloud,,,,,,,,,2,1,2,d,0.8148,
cloud,,,,,,,,,3,2,2,d,0.8148,
cloud,,,,,,,,,4,2,2,d,0.8148,
,,,,,,,,,5,2,2,d,0.8148,
,,,,,,,,,6,1,2,d,0.8148,
,,,,,,,,,7,2,2,d,0.8148,
,,,,,,,,,8,2,2,d,0.8148,
,,,,,,,,,9,1,2,d,0.8148,
,,,,,,,,,10,1,2,d,0.8148,
,,,,,,,,,,,,,,
colic,32,368,22,2,binary,0.07,classification,,1,32,1,d,0.7065,
colic,,,,,,,,,2,32,1,d,0.7065,
colic,,,,,,,,,3,32,1,d,0.7065,
colic,,,,,,,,,4,32,1,d,0.7065,
,,,,,,,,,5,32,1,d,0.7065,
,,,,,,,,,6,32,1,d,0.7065,
,,,,,,,,,7,32,1,d,0.7065,
,,,,,,,,,8,32,1,d,0.7065,
,,,,,,,,,9,32,1,d,0.7065,
,,,,,,,,,10,32,1,d,0.7065,
,,,,,,,,,,,,,,
collins,10.4,485,23,13,categorical,0.02,classification,,1,10,1,d,0.9836,
collins,,,,,,,,,2,10,1,d,0.9836,
collins,,,,,,,,,3,10,1,d,0.9836,
collins,,,,,,,,,4,12,1,d,0.9836,
,,,,,,,,,5,10,1,d,0.9836,
,,,,,,,,,6,10,1,d,0.9836,
,,,,,,,,,7,10,1,d,0.9836,
,,,,,,,,,8,12,1,d,0.9836,
,,,,,,,,,9,10,1,d,0.9836,
,,,,,,,,,10,10,1,d,0.9836,
,,,,,,,,,,,,,,
confidence,2,72,3,6,categorical,0,classification,,1,2,2,u,0.8333,
confidence,,,,,,,,,2,2,2,u,0.8333,
confidence,,,,,,,,,3,2,2,u,0.8333,
confidence,,,,,,,,,4,2,2,u,0.8333,
,,,,,,,,,5,2,2,u,0.8333,
,,,,,,,,,6,2,2,u,0.8333,
,,,,,,,,,7,2,2,u,0.8333,
,,,,,,,,,8,2,2,u,0.8333,
,,,,,,,,,9,2,2,u,0.8333,
,,,,,,,,,10,2,2,u,0.8333,
,,,,,,,,,,,,,,
corral,13.7,160,6,2,binary,0.02,classification,,1,17,2,d,1,
corral,,,,,,,,,2,17,1,d,1,
corral,,,,,,,,,3,17,2,d,1,
corral,,,,,,,,,4,6,1,d,0.975,
,,,,,,,,,5,17,2,d,1,
,,,,,,,,,6,17,1,d,1,
,,,,,,,,,7,17,2,d,1,
,,,,,,,,,8,6,1,d,0.975,
,,,,,,,,,9,6,2,d,0.975,
,,,,,,,,,10,17,1,d,1,
,,,,,,,,,,,,,,
credit_a,22,690,15,2,binary,0.01,classification,,1,22,1,d,0.6879,
credit_a,,,,,,,,,2,22,1,d,0.6879,
credit_a,,,,,,,,,3,22,1,d,0.6879,
credit_a,,,,,,,,,4,22,1,d,0.6879,
,,,,,,,,,5,22,1,d,0.6879,
,,,,,,,,,6,22,1,d,0.6879,
,,,,,,,,,7,22,1,d,0.6879,
,,,,,,,,,8,22,1,d,0.6879,
,,,,,,,,,9,22,1,d,0.6879,
,,,,,,,,,10,22,1,d,0.6879,
,,,,,,,,,,,,,,
credit_g,37.8,1000,20,2,binary,0.16,classification,,1,12,1,d,0.66,
credit_g,,,,,,,,,2,55,1,u,0.724,
credit_g,,,,,,,,,3,12,1,d,0.66,
credit_g,,,,,,,,,4,55,1,u,0.724,
,,,,,,,,,5,12,1,d,0.66,
,,,,,,,,,6,55,1,u,0.724,
,,,,,,,,,7,12,1,d,0.66,
,,,,,,,,,8,55,1,u,0.724,
,,,,,,,,,9,55,2,u,0.724,
,,,,,,,,,10,55,1,u,0.724,
,,,,,,,,,,,,,,
crx,6,690,15,2,binary,0.01,classification,,1,6,1,u,0.6994,
crx,,,,,,,,,2,6,1,u,0.6994,
crx,,,,,,,,,3,6,1,u,0.6994,
crx,,,,,,,,,4,6,1,u,0.6994,
,,,,,,,,,5,6,1,u,0.6994,
,,,,,,,,,6,6,1,u,0.6994,
,,,,,,,,,7,6,1,u,0.6994,
,,,,,,,,,8,6,1,u,0.6994,
,,,,,,,,,9,6,1,u,0.6994,
,,,,,,,,,10,6,1,u,0.6994,
,,,,,,,,,,,,,,
dermatology,7,366,34,6,categorical,0.04,classification,,1,7,1,d,0.9348,
dermatology,,,,,,,,,2,7,1,d,0.9348,
dermatology,,,,,,,,,3,7,1,d,0.9348,
dermatology,,,,,,,,,4,7,1,d,0.9348,
,,,,,,,,,5,7,1,d,0.9348,
,,,,,,,,,6,7,1,d,0.9348,
,,,,,,,,,7,7,1,d,0.9348,
,,,,,,,,,8,7,1,d,0.9348,
,,,,,,,,,9,7,1,d,0.9348,
,,,,,,,,,10,7,1,d,0.9348,
,,,,,,,,,,,,,,
diabetes,33,768,8,2,binary,0.09,classification,,1,33,1,u,0.7708,
diabetes,,,,,,,,,2,33,1,u,0.7708,
diabetes,,,,,,,,,3,33,1,u,0.7708,
diabetes,,,,,,,,,4,33,1,u,0.7708,
,,,,,,,,,5,33,1,u,0.7708,
,,,,,,,,,6,33,1,u,0.7708,
,,,,,,,,,7,33,1,u,0.7708,
,,,,,,,,,8,33,1,u,0.7708,
,,,,,,,,,9,33,1,u,0.7708,
,,,,,,,,,10,33,1,u,0.7708,
,,,,,,,,,,,,,,
ecoli,13,327,7,5,categorical,0.11,classification,,1,13,2,u,0.878,
ecoli,,,,,,,,,2,13,2,u,0.878,
ecoli,,,,,,,,,3,13,2,u,0.878,
ecoli,,,,,,,,,4,13,2,u,0.878,
,,,,,,,,,5,13,2,u,0.878,
,,,,,,,,,6,13,2,u,0.878,
,,,,,,,,,7,13,2,u,0.878,
,,,,,,,,,8,13,2,u,0.878,
,,,,,,,,,9,13,2,u,0.878,
,,,,,,,,,10,13,2,u,0.878,
,,,,,,,,,,,,,,
flags,5,178,43,5,categorical,0.04,classification,,1,5,1,d,0.4222,
flags,,,,,,,,,2,5,1,d,0.4222,
flags,,,,,,,,,3,5,1,d,0.4222,
flags,,,,,,,,,4,5,1,d,0.4222,
,,,,,,,,,5,5,1,d,0.4222,
,,,,,,,,,6,5,1,d,0.4222,
,,,,,,,,,7,5,1,d,0.4222,
,,,,,,,,,8,5,1,d,0.4222,
,,,,,,,,,9,5,1,d,0.4222,
,,,,,,,,,10,5,1,d,0.4222,
,,,,,,,,,,,,,,
german,55,1000,20,2,binary,0.16,classification,,1,55,2,u,0.72,
german,,,,,,,,,2,55,1,u,0.72,
german,,,,,,,,,3,55,1,u,0.72,
german,,,,,,,,,4,55,1,u,0.72,
,,,,,,,,,5,55,2,u,0.72,
,,,,,,,,,6,55,1,u,0.72,
,,,,,,,,,7,55,1,u,0.72,
,,,,,,,,,8,55,1,u,0.72,
,,,,,,,,,9,55,2,u,0.72,
,,,,,,,,,10,55,1,u,0.72,
,,,,,,,,,,,,,,
glass,1.5,205,9,5,categorical,0.11,classification,,1,1,1,d,0.75,
glass,,,,,,,,,2,1,1,d,0.75,
glass,,,,,,,,,3,2,1,d,0.75,
glass,,,,,,,,,4,2,1,d,0.75,
,,,,,,,,,5,1,1,d,0.75,
,,,,,,,,,6,1,1,d,0.75,
,,,,,,,,,7,2,1,d,0.75,
,,,,,,,,,8,2,1,d,0.75,
,,,,,,,,,9,2,1,d,0.75,
,,,,,,,,,10,1,1,u,0.75,
,,,,,,,,,,,,,,
glass2,1.7,163,9,2,binary,0,classification,,1,1,1,d,0.8293,
glass2,,,,,,,,,2,1,1,d,0.8293,
glass2,,,,,,,,,3,2,1,d,0.8293,
glass2,,,,,,,,,4,2,1,d,0.8293,
,,,,,,,,,5,1,1,d,0.8293,
,,,,,,,,,6,1,1,d,0.8293,
,,,,,,,,,7,2,1,d,0.8293,
,,,,,,,,,8,2,1,d,0.8293,
,,,,,,,,,9,2,1,d,0.8293,
,,,,,,,,,10,3,1,d,0.7805,
,,,,,,,,,,,,,,
haberman,27.6,306,3,2,binary,0.22,classification,,1,26,2,d,0.7013,
haberman,,,,,,,,,2,26,2,d,0.7013,
haberman,,,,,,,,,3,30,2,d,0.7402,
haberman,,,,,,,,,4,30,2,d,0.7402,
,,,,,,,,,5,26,2,d,0.7013,
,,,,,,,,,6,26,2,d,0.7013,
,,,,,,,,,7,30,2,d,0.7403,
,,,,,,,,,8,30,2,d,0.7403,
,,,,,,,,,9,26,2,d,0.7013,
,,,,,,,,,10,26,2,d,0.7013,
,,,,,,,,,,,,,,
hayes_roth,9,160,4,3,categorical,0.04,classification,,1,9,1,d,0.7,
hayes_roth,,,,,,,,,2,9,1,d,0.7,
hayes_roth,,,,,,,,,3,9,1,d,0.7,
hayes_roth,,,,,,,,,4,9,1,d,0.7,
,,,,,,,,,5,9,1,d,0.7,
,,,,,,,,,6,9,1,d,0.7,
,,,,,,,,,7,9,1,d,0.7,
,,,,,,,,,8,9,1,d,0.7,
,,,,,,,,,9,9,1,d,0.7,
,,,,,,,,,10,9,1,d,0.7,
,,,,,,,,,,,,,,
heart_c,7,303,13,2,binary,0.01,classification,,1,7,1,u,0.6316,
heart_c,,,,,,,,,2,7,1,u,0.6316,
heart_c,,,,,,,,,3,7,1,u,0.6316,
heart_c,,,,,,,,,4,7,1,u,0.6316,
,,,,,,,,,5,7,1,u,0.6316,
,,,,,,,,,6,7,1,u,0.6316,
,,,,,,,,,7,7,1,u,0.6316,
,,,,,,,,,8,7,1,u,0.6316,
,,,,,,,,,9,7,1,u,0.6316,
,,,,,,,,,10,7,1,u,0.6316,
,,,,,,,,,,,,,,
heart_h,12,294,13,2,binary,0.08,classification,,1,12,1,u,0.6351,
heart_h,,,,,,,,,2,12,1,u,0.6351,
heart_h,,,,,,,,,3,12,1,u,0.6351,
heart_h,,,,,,,,,4,12,1,u,0.6151,
,,,,,,,,,5,12,1,u,0.6351,
,,,,,,,,,6,12,1,u,0.6351,
,,,,,,,,,7,12,1,u,0.6351,
,,,,,,,,,8,12,1,u,0.6351,
,,,,,,,,,9,12,1,u,0.6351,
,,,,,,,,,10,12,1,u,0.6351,
,,,,,,,,,,,,,,
heart_statlog,87,270,13,2,binary,0.01,classification,,1,87,1,d,0.7059,
heart_statlog,,,,,,,,,2,87,1,d,0.7059,
heart_statlog,,,,,,,,,3,87,1,d,0.7059,
heart_statlog,,,,,,,,,4,87,1,d,0.7059,
,,,,,,,,,5,87,1,d,0.7059,
,,,,,,,,,6,87,1,d,0.7059,
,,,,,,,,,7,87,1,d,0.7059,
,,,,,,,,,8,87,1,d,0.7059,
,,,,,,,,,9,87,1,d,0.7059,
,,,,,,,,,10,87,1,d,0.7059,
,,,,,,,,,,,,,,
hepatitis,40.6,155,19,2,binary,0.34,classification,,1,45,2,d,0.7436,
hepatitis,,,,,,,,,2,38,2,u,0.7436,
hepatitis,,,,,,,,,3,41,2,d,0.7436,
hepatitis,,,,,,,,,4,25,2,d,0.7436,
,,,,,,,,,5,45,2,d,0.7436,
,,,,,,,,,6,38,2,u,0.7436,
,,,,,,,,,7,41,2,d,0.7436,
,,,,,,,,,8,24,2,d,0.7436,
,,,,,,,,,9,47,2,d,0.7436,
,,,,,,,,,10,62,1,u,0.7436,
,,,,,,,,,,,,,,
horse_colic,81,368,22,2,binary,0.07,classification,,1,81,1,d,0.7282,
horse_colic,,,,,,,,,2,81,1,d,0.7282,
horse_colic,,,,,,,,,3,81,1,d,0.7282,
horse_colic,,,,,,,,,4,81,1,d,0.7282,
,,,,,,,,,5,81,1,d,0.7283,
,,,,,,,,,6,81,1,d,0.7283,
,,,,,,,,,7,81,1,d,0.7283,
,,,,,,,,,8,81,1,d,0.7283,
,,,,,,,,,9,81,1,d,0.7283,
,,,,,,,,,10,81,1,d,0.7283,
,,,,,,,,,,,,,,
house_votes_84,2,435,16,2,binary,0.05,classification,,1,2,2,d,0.899,
house_votes_84,,,,,,,,,2,2,1,d,0.899,
house_votes_84,,,,,,,,,3,2,2,d,0.899,
house_votes_84,,,,,,,,,4,2,2,d,0.899,
,,,,,,,,,5,2,2,d,0.8991,
,,,,,,,,,6,2,1,d,0.8991,
,,,,,,,,,7,2,2,d,0.8991,
,,,,,,,,,8,2,2,d,0.8991,
,,,,,,,,,9,2,1,d,0.8991,
,,,,,,,,,10,2,2,d,0.8991,
,,,,,,,,,,,,,,
hungarian,4,294,13,2,binary,0.08,classification,,1,3,1,u,0.6081,
hungarian,,,,,,,,,2,5,1,d,0.6216,
hungarian,,,,,,,,,3,5,1,d,0.6216,
hungarian,,,,,,,,,4,3,1,u,0.6081,
,,,,,,,,,5,3,1,u,0.6081,
,,,,,,,,,6,5,1,d,0.6216,
,,,,,,,,,7,5,1,d,0.6216,
,,,,,,,,,8,3,1,u,0.6081,
,,,,,,,,,9,5,1,d,0.6216,
,,,,,,,,,10,3,1,u,0.6081,
,,,,,,,,,,,,,,
ionosphere,2,351,34,2,binary,0.08,classification,,1,2,1,u,0.9204,
ionosphere,,,,,,,,,2,2,1,u,0.9204,
ionosphere,,,,,,,,,3,2,1,u,0.9204,
ionosphere,,,,,,,,,4,2,1,u,0.9204,
,,,,,,,,,5,2,1,u,0.9204,
,,,,,,,,,6,2,1,u,0.9204,
,,,,,,,,,7,2,1,u,0.9204,
,,,,,,,,,8,2,1,u,0.9204,
,,,,,,,,,9,2,1,u,0.9204,
,,,,,,,,,10,2,1,u,0.9204,
,,,,,,,,,,,,,,
iris,19,150,4,3,categorical,0,classification,,1,19,1,u,0.9473,
iris,,,,,,,,,2,19,1,u,0.9473,
iris,,,,,,,,,3,19,1,u,0.9473,
iris,,,,,,,,,4,19,1,u,0.9473,
,,,,,,,,,5,19,1,u,0.9474,
,,,,,,,,,6,19,1,u,0.9474,
,,,,,,,,,7,19,1,u,0.9474,
,,,,,,,,,8,19,1,u,0.9474,
,,,,,,,,,9,19,1,u,0.9474,
,,,,,,,,,10,19,1,u,0.9474,
,,,,,,,,,,,,,,
irish,6,500,5,2,binary,0.01,classification,,1,6,1,d,0.928,
irish,,,,,,,,,2,6,1,d,0.928,
irish,,,,,,,,,3,6,1,d,0.928,
irish,,,,,,,,,4,6,1,d,0.928,
,,,,,,,,,5,6,1,d,0.928,
,,,,,,,,,6,6,1,d,0.928,
,,,,,,,,,7,6,1,d,0.928,
,,,,,,,,,8,6,1,d,0.928,
,,,,,,,,,9,6,1,d,0.928,
,,,,,,,,,10,6,1,d,0.928,
,,,,,,,,,,,,,,
labor,1.5,57,16,2,binary,0.09,classification,,1,1,1,d,0.9333,
labor,,,,,,,,,2,1,1,d,0.9333,
labor,,,,,,,,,3,2,1,d,0.8667,
labor,,,,,,,,,4,2,1,d,0.8667,
,,,,,,,,,5,1,1,d,0.9333,
,,,,,,,,,6,1,1,d,0.9333,
,,,,,,,,,7,2,1,d,0.8666,
,,,,,,,,,8,2,1,d,0.8666,
,,,,,,,,,9,2,1,d,0.8666,
,,,,,,,,,10,1,1,u,0.9333,
,,,,,,,,,,,,,,
lupus,26.5,87,3,2,binary,0.04,classification,,1,24,2,u,0.8636,
lupus,,,,,,,,,2,29,2,u,0.8181,
lupus,,,,,,,,,3,24,2,u,0.8636,
lupus,,,,,,,,,4,29,2,u,0.8181,
,,,,,,,,,5,24,2,u,0.8636,
,,,,,,,,,6,29,2,u,0.8182,
,,,,,,,,,7,24,2,u,0.8636,
,,,,,,,,,8,29,2,u,0.8182,
,,,,,,,,,9,29,2,u,0.8182,
,,,,,,,,,10,24,2,u,0.8636,
,,,,,,,,,,,,,,
lymphography,41,148,18,4,categorical,0.29,classification,,1,40,1,d,0.8108,
lymphography,,,,,,,,,2,42,1,d,0.7838,
lymphography,,,,,,,,,3,40,1,d,0.8108,
lymphography,,,,,,,,,4,42,1,d,0.7838,
,,,,,,,,,5,40,1,d,0.8108,
,,,,,,,,,6,42,1,d,0.7838,
,,,,,,,,,7,40,1,d,0.8108,
,,,,,,,,,8,42,1,d,0.7838,
,,,,,,,,,9,40,1,d,0.8108,
,,,,,,,,,10,42,1,d,0.7838,
,,,,,,,,,,,,,,
molecular_biology_promoters,27.4,106,58,2,binary,0,classification,,1,40,1,d,0.963,
molecular_biology_promoters,,,,,,,,,2,7,2,u,1,
molecular_biology_promoters,,,,,,,,,3,8,1,d,0.9259,
molecular_biology_promoters,,,,,,,,,4,42,1,d,1,
,,,,,,,,,5,51,1,d,0.8148,
,,,,,,,,,6,51,1,d,0.8148,
,,,,,,,,,7,8,1,u,0.7778,
,,,,,,,,,8,51,1,d,0.8148,
,,,,,,,,,9,8,1,u,0.7778,
,,,,,,,,,10,8,1,u,0.7778,
,,,,,,,,,,,,,,
monk1,8,556,6,2,binary,0,classification,,1,8,2,d,0.9424,
monk1,,,,,,,,,2,8,2,d,0.9424,
monk1,,,,,,,,,3,8,2,d,0.9424,
monk1,,,,,,,,,4,8,2,d,0.9424,
,,,,,,,,,5,8,2,d,0.9424,
,,,,,,,,,6,8,2,d,0.9424,
,,,,,,,,,7,8,2,d,0.9424,
,,,,,,,,,8,8,2,d,0.9424,
,,,,,,,,,9,8,2,d,0.9424,
,,,,,,,,,10,8,2,d,0.9424,
,,,,,,,,,,,,,,
monk2,12,601,6,2,binary,0.1,classification,,1,12,2,d,0.8013,
monk2,,,,,,,,,2,12,2,d,0.8013,
monk2,,,,,,,,,3,12,2,d,0.8013,
monk2,,,,,,,,,4,12,2,d,0.8013,
,,,,,,,,,5,12,2,d,0.8013,
,,,,,,,,,6,12,2,d,0.8013,
,,,,,,,,,7,12,2,d,0.8013,
,,,,,,,,,8,12,2,d,0.8013,
,,,,,,,,,9,12,2,d,0.8013,
,,,,,,,,,10,12,2,d,0.8013,
,,,,,,,,,,,,,,
monk3,5,554,6,2,binary,0,classification,,1,5,1,u,0.964,
monk3,,,,,,,,,2,5,1,u,0.964,
monk3,,,,,,,,,3,5,1,u,0.964,
monk3,,,,,,,,,4,5,1,u,0.964,
,,,,,,,,,5,5,1,u,0.964,
,,,,,,,,,6,5,1,u,0.964,
,,,,,,,,,7,5,1,u,0.964,
,,,,,,,,,8,5,1,u,0.964,
,,,,,,,,,9,5,1,u,0.964,
,,,,,,,,,10,5,1,u,0.964,
,,,,,,,,,,,,,,
movement_libras,1.5,360,90,15,categorical,0,classification,,1,1,1,d,0.8667,
movement_libras,,,,,,,,,2,1,1,d,0.8667,
movement_libras,,,,,,,,,3,2,2,d,0.8667,
movement_libras,,,,,,,,,4,2,2,d,0.8667,
,,,,,,,,,5,1,1,d,0.8667,
,,,,,,,,,6,1,1,d,0.8667,
,,,,,,,,,7,2,2,d,0.8667,
,,,,,,,,,8,2,2,d,0.8667,
,,,,,,,,,9,2,1,d,0.8667,
,,,,,,,,,10,1,2,d,0.8667,
,,,,,,,,,,,,,,
mux6,6,128,6,2,binary,0,classification,,1,6,1,d,1,
mux6,,,,,,,,,2,6,2,d,1,
mux6,,,,,,,,,3,6,2,d,1,
mux6,,,,,,,,,4,6,1,d,1,
,,,,,,,,,5,6,1,d,1,
,,,,,,,,,6,6,2,d,1,
,,,,,,,,,7,6,2,d,1,
,,,,,,,,,8,6,1,d,1,
,,,,,,,,,9,6,2,d,1,
,,,,,,,,,10,6,2,d,1,
,,,,,,,,,,,,,,
new_thyroid,1.3,215,5,3,categorical,0.3,classification,,1,1,1,d,0.9444,
new_thyroid,,,,,,,,,2,1,1,d,0.9444,
new_thyroid,,,,,,,,,3,2,1,d,0.9444,
new_thyroid,,,,,,,,,4,1,1,u,0.9444,
,,,,,,,,,5,1,1,d,0.9444,
,,,,,,,,,6,1,1,d,0.9444,
,,,,,,,,,7,2,1,d,0.9444,
,,,,,,,,,8,1,1,u,0.9444,
,,,,,,,,,9,2,1,d,0.9444,
,,,,,,,,,10,1,1,u,0.9444,
,,,,,,,,,,,,,,
parity5,10,32,5,2,binary,0,classification,,1,10,1,u,1,
parity5,,,,,,,,,2,10,1,u,1,
parity5,,,,,,,,,3,10,2,u,1,
parity5,,,,,,,,,4,10,2,u,1,
,,,,,,,,,5,10,1,u,1,
,,,,,,,,,6,10,1,u,1,
,,,,,,,,,7,10,2,u,1,
,,,,,,,,,8,10,2,u,1,
,,,,,,,,,9,10,2,u,1,
,,,,,,,,,10,10,1,u,1,
,,,,,,,,,,,,,,
penguins,13,344,6,3,discrete,0.05,classification,,1,13,1,d,0.8333,
penguins,,,,,,,,,2,13,1,d,0.8333,
penguins,,,,,,,,,3,13,1,d,0.8333,
penguins,,,,,,,,,4,13,1,d,0.8333,
,,,,,,,,,5,13,1,d,0.8333,
,,,,,,,,,6,13,1,d,0.8333,
,,,,,,,,,7,13,1,d,0.8333,
,,,,,,,,,8,13,1,d,0.8333,
,,,,,,,,,9,13,1,d,0.8333,
,,,,,,,,,10,13,1,d,0.8333,
,,,,,,,,,,,,,,
pima,62,768,8,2,binary,0.09,classification,,1,62,1,d,0.7656,
pima,,,,,,,,,2,62,1,d,0.7656,
pima,,,,,,,,,3,62,1,d,0.7656,
pima,,,,,,,,,4,62,1,d,0.7656,
,,,,,,,,,5,62,1,d,0.7656,
,,,,,,,,,6,62,1,d,0.7656,
,,,,,,,,,7,62,1,d,0.7656,
,,,,,,,,,8,62,1,d,0.7656,
,,,,,,,,,9,62,1,d,0.7656,
,,,,,,,,,10,62,1,d,0.7656,
,,,,,,,,,,,,,,
postoperative_patient_data,2,88,8,2,binary,0.21,classification,,1,2,1,u,0.7727,
postoperative_patient_data,,,,,,,,,2,2,1,u,0.7727,
postoperative_patient_data,,,,,,,,,3,2,1,u,0.7727,
postoperative_patient_data,,,,,,,,,4,2,2,u,0.7727,
,,,,,,,,,5,2,1,u,0.7727,
,,,,,,,,,6,2,1,u,0.7727,
,,,,,,,,,7,2,1,u,0.7727,
,,,,,,,,,8,2,2,u,0.7727,
,,,,,,,,,9,2,1,u,0.7727,
,,,,,,,,,10,2,2,u,0.7727,
,,,,,,,,,,,,,,
prnn_crabs,1.3,200,7,2,binary,0,classification,,1,1,1,d,0.98,
prnn_crabs,,,,,,,,,2,1,1,d,0.98,
prnn_crabs,,,,,,,,,3,2,1,d,0.98,
prnn_crabs,,,,,,,,,4,1,1,d,0.98,
,,,,,,,,,5,1,1,d,0.98,
,,,,,,,,,6,1,1,d,0.98,
,,,,,,,,,7,2,1,d,0.98,
,,,,,,,,,8,1,1,d,0.98,
,,,,,,,,,9,2,1,d,0.98,
,,,,,,,,,10,1,1,u,0.98,
,,,,,,,,,,,,,,
prnn_fglass,1.3,205,9,5,categorical,0.11,classification,,1,1,1,d,0.75,
prnn_fglass,,,,,,,,,2,1,1,d,0.75,
prnn_fglass,,,,,,,,,3,2,1,d,0.75,
prnn_fglass,,,,,,,,,4,1,1,u,0.75,
,,,,,,,,,5,1,1,d,0.75,
,,,,,,,,,6,1,1,d,0.75,
,,,,,,,,,7,2,1,d,0.75,
,,,,,,,,,8,1,1,u,0.75,
,,,,,,,,,9,2,1,d,0.75,
,,,,,,,,,10,1,1,u,0.75,
,,,,,,,,,,,,,,
prnn_synth,9.8,250,2,2,binary,0,classification,,1,9,2,d,0.873,
prnn_synth,,,,,,,,,2,11,2,d,0.8889,
prnn_synth,,,,,,,,,3,9,2,d,0.873,
prnn_synth,,,,,,,,,4,11,2,d,0.8889,
,,,,,,,,,5,9,2,d,0.873,
,,,,,,,,,6,11,2,d,0.8889,
,,,,,,,,,7,9,2,d,0.873,
,,,,,,,,,8,11,2,d,0.8889,
,,,,,,,,,9,9,2,d,0.873,
,,,,,,,,,10,9,2,d,0.873,
,,,,,,,,,,,,,,
profb,53,672,9,2,binary,0.11,classification,,1,53,1,d,0.6488,
profb,,,,,,,,,2,53,1,d,0.6488,
profb,,,,,,,,,3,53,1,d,0.6488,
profb,,,,,,,,,4,53,1,d,0.6488,
,,,,,,,,,5,53,1,d,0.6489,
,,,,,,,,,6,53,1,d,0.6489,
,,,,,,,,,7,53,1,d,0.6489,
,,,,,,,,,8,53,1,d,0.6489,
,,,,,,,,,9,53,1,d,0.6489,
,,,,,,,,,10,53,1,d,0.6489,
,,,,,,,,,,,,,,
promoters,,106,58,2,binary,0,classification,,1,40,1,d,0.9629,
promoters,,,,,,,,,2,7,2,u,1,
promoters,,,,,,,,,3,8,1,d,0.9259,
promoters,,,,,,,,,4,42,1,d,1,
,,,,,,,,,,,,,,
,,,,,,,,,,,,,,
,,,,,,,,,,,,,,
,,,,,,,,,,,,,,
,,,,,,,,,,,,,,
,,,,,,,,,,,,,,
,,,,,,,,,,,,,,
schizo,13.6,340,14,3,categorical,0.15,classification,,1,14,2,d,0.5411,
schizo,,,,,,,,,2,14,2,d,0.5411,
schizo,,,,,,,,,3,13,2,u,0.5176,
schizo,,,,,,,,,4,14,2,d,0.5411,
,,,,,,,,,5,14,2,d,0.5412,
,,,,,,,,,6,14,2,d,0.5412,
,,,,,,,,,7,13,2,u,0.5176,
,,,,,,,,,8,14,2,d,0.5412,
,,,,,,,,,9,13,2,u,0.5176,
,,,,,,,,,10,13,2,u,0.5176,
,,,,,,,,,,,,,,
saheart,80.8,462,9,2,binary,0.09,classification,,1,85,2,d,0.6293,
saheart,,,,,,,,,2,78,2,d,0.6207,
saheart,,,,,,,,,3,78,2,d,0.6207,
saheart,,,,,,,,,4,85,2,d,0.6293,
,,,,,,,,,5,85,2,d,0.6293,
,,,,,,,,,6,78,2,d,0.6206,
,,,,,,,,,7,78,2,d,0.6206,
,,,,,,,,,8,85,2,d,0.6293,
,,,,,,,,,9,78,2,d,0.6206,
,,,,,,,,,10,78,2,d,0.6206,
,,,,,,,,,,,,,,
solar_flare_1,16,315,12,5,categorical,0.03,classification,,1,16,1,d,0.6962,
solar_flare_1,,,,,,,,,2,16,1,d,0.6962,
solar_flare_1,,,,,,,,,3,16,1,d,0.6962,
solar_flare_1,,,,,,,,,4,16,1,d,0.6962,
,,,,,,,,,5,16,1,d,0.6962,
,,,,,,,,,6,16,1,d,0.6962,
,,,,,,,,,7,16,1,d,0.6962,
,,,,,,,,,8,16,1,d,0.6962,
,,,,,,,,,9,16,1,d,0.6962,
,,,,,,,,,10,16,1,d,0.6962,
,,,,,,,,,,,,,,
sonar,3.9,208,60,2,binary,0,classification,,1,4,1,d,0.7115,
sonar,,,,,,,,,2,4,1,d,0.7115,
sonar,,,,,,,,,3,4,1,d,0.7115,
sonar,,,,,,,,,4,4,1,d,0.7115,
,,,,,,,,,5,4,1,d,0.7115,
,,,,,,,,,6,4,1,d,0.7115,
,,,,,,,,,7,4,1,d,0.7115,
,,,,,,,,,8,4,1,d,0.7115,
,,,,,,,,,9,4,1,d,0.7115,
,,,,,,,,,10,3,1,d,0.6923,
,,,,,,,,,,,,,,
soybean,8,675,35,18,categorical,0.04,classification,,1,8,1,d,0.8817,
soybean,,,,,,,,,2,8,1,d,0.8817,
soybean,,,,,,,,,3,8,1,d,0.8817,
soybean,,,,,,,,,4,8,1,d,0.8817,
,,,,,,,,,5,8,1,d,0.8817,
,,,,,,,,,6,8,1,d,0.8817,
,,,,,,,,,7,8,1,d,0.8817,
,,,,,,,,,8,8,1,d,0.8817,
,,,,,,,,,9,8,1,d,0.8817,
,,,,,,,,,10,8,1,d,0.8817,
,,,,,,,,,,,,,,
spect,64,267,22,2,binary,0.35,classification,,1,64,1,d,0.6866,
spect,,,,,,,,,2,64,1,d,0.6866,
spect,,,,,,,,,3,64,1,d,0.6866,
spect,,,,,,,,,4,64,1,d,0.6866,
,,,,,,,,,5,64,1,d,0.6866,
,,,,,,,,,6,64,1,d,0.6866,
,,,,,,,,,7,64,1,d,0.6866,
,,,,,,,,,8,64,1,d,0.6866,
,,,,,,,,,9,64,1,d,0.6866,
,,,,,,,,,10,64,1,d,0.6866,
,,,,,,,,,,,,,,
spectf,97,349,44,2,binary,0.21,classification,,1,97,1,d,0.8977,
spectf,,,,,,,,,2,97,1,d,0.8977,
spectf,,,,,,,,,3,97,1,d,0.8977,
spectf,,,,,,,,,4,97,1,d,0.8977,
,,,,,,,,,5,97,1,d,0.8977,
,,,,,,,,,6,97,1,d,0.8977,
,,,,,,,,,7,97,1,d,0.8977,
,,,,,,,,,8,97,1,d,0.8977,
,,,,,,,,,9,97,1,d,0.8977,
,,,,,,,,,10,97,1,d,0.8977,
,,,,,,,,,,,,,,
tae,48.2,151,5,3,categorical,0,classification,,1,51,1,d,0.5789,
tae,,,,,,,,,2,51,1,d,0.5789,
tae,,,,,,,,,3,46,1,d,0.6053,
tae,,,,,,,,,4,45,1,d,0.5789,
,,,,,,,,,5,51,1,d,0.579,
,,,,,,,,,6,51,1,d,0.579,
,,,,,,,,,7,46,1,d,0.6053,
,,,,,,,,,8,45,1,d,0.579,
,,,,,,,,,9,51,1,d,0.579,
,,,,,,,,,10,45,1,d,0.579,
,,,,,,,,,,,,,,
threeOf9,27,512,9,2,binary,0,classification,,1,27,1,d,0.9219,
threeOf9,,,,,,,,,2,27,1,d,0.9219,
threeOf9,,,,,,,,,3,27,1,d,0.9219,
threeOf9,,,,,,,,,4,27,1,d,0.9219,
,,,,,,,,,5,27,1,d,0.9219,
,,,,,,,,,6,27,1,d,0.9219,
,,,,,,,,,7,27,1,d,0.9219,
,,,,,,,,,8,27,1,d,0.9219,
,,,,,,,,,9,27,1,d,0.9219,
,,,,,,,,,10,27,1,d,0.9219,
,,,,,,,,,,,,,,
tic_tac_toe,6,958,9,2,binary,0.09,classification,,1,6,1,u,0.8625,
tic_tac_toe,,,,,,,,,2,6,1,u,0.8625,
tic_tac_toe,,,,,,,,,3,6,1,u,0.8625,
tic_tac_toe,,,,,,,,,4,6,1,u,0.8625,
,,,,,,,,,5,6,1,u,0.8625,
,,,,,,,,,6,6,1,u,0.8625,
,,,,,,,,,7,6,1,u,0.8625,
,,,,,,,,,8,6,1,u,0.8625,
,,,,,,,,,9,6,1,u,0.8625,
,,,,,,,,,10,6,1,u,0.8625,
,,,,,,,,,,,,,,
tokyo1,36.9,959,44,2,binary,0.08,classification,,1,37,1,d,0.9083,
tokyo1,,,,,,,,,2,37,1,d,0.9083,
tokyo1,,,,,,,,,3,34,1,d,0.9042,
tokyo1,,,,,,,,,4,38,1,d,0.9083,
,,,,,,,,,5,37,1,d,0.9083,
,,,,,,,,,6,37,1,d,0.9083,
,,,,,,,,,7,34,1,d,0.9041,
,,,,,,,,,8,38,1,d,0.9083,
,,,,,,,,,9,38,1,d,0.9083,
,,,,,,,,,10,39,1,d,0.9083,
,,,,,,,,,,,,,,
vehicle,2.9,846,18,4,categorical,0,classification,,1,2,1,d,0.6745,
vehicle,,,,,,,,,2,2,1,d,0.6745,
vehicle,,,,,,,,,3,5,1,d,0.6887,
vehicle,,,,,,,,,4,2,1,d,0.6745,
,,,,,,,,,5,2,1,d,0.6745,
,,,,,,,,,6,2,1,d,0.6745,
,,,,,,,,,7,5,1,d,0.6887,
,,,,,,,,,8,2,1,d,0.6745,
,,,,,,,,,9,2,1,d,0.6745,
,,,,,,,,,10,5,1,d,0.6887,
,,,,,,,,,,,,,,
vote,4,435,16,2,binary,0.05,classification,,1,4,1,u,0.9633,
vote,,,,,,,,,2,4,1,u,0.9633,
vote,,,,,,,,,3,4,1,u,0.9633,
vote,,,,,,,,,4,4,1,u,0.9633,
,,,,,,,,,5,4,1,u,0.9633,
,,,,,,,,,6,4,1,u,0.9633,
,,,,,,,,,7,4,1,u,0.9633,
,,,,,,,,,8,4,1,u,0.9633,
,,,,,,,,,9,4,1,u,0.9633,
,,,,,,,,,10,4,1,u,0.9633,
,,,,,,,,,,,,,,
vowel,1.6,990,13,11,categorical,0,classification,,1,2,2,d,0.9919,
vowel,,,,,,,,,2,1,2,d,0.9919,
vowel,,,,,,,,,3,2,2,d,0.9919,
vowel,,,,,,,,,4,2,2,d,0.9919,
,,,,,,,,,5,2,2,d,0.992,
,,,,,,,,,6,1,2,d,0.992,
,,,,,,,,,7,2,2,d,0.992,
,,,,,,,,,8,2,2,d,0.992,
,,,,,,,,,9,1,2,d,0.992,
,,,,,,,,,10,1,2,d,0.992,
,,,,,,,,,,,,,,
wdbc,5,569,30,2,binary,0.06,classification,,1,5,1,u,0.951,
wdbc,,,,,,,,,2,5,1,u,0.951,
wdbc,,,,,,,,,3,5,1,u,0.951,
wdbc,,,,,,,,,4,5,1,u,0.951,
,,,,,,,,,5,5,1,u,0.951,
,,,,,,,,,6,5,1,u,0.951,
,,,,,,,,,7,5,1,u,0.951,
,,,,,,,,,8,5,1,u,0.951,
,,,,,,,,,9,5,1,u,0.951,
,,,,,,,,,10,5,1,u,0.951,
,,,,,,,,,,,,,,
wine_recognition,1.5,178,13,3,categorical,0.01,classification,,1,1,1,d,0.8222,
wine_recognition,,,,,,,,,2,1,1,d,0.8222,
wine_recognition,,,,,,,,,3,2,1,d,0.8222,
wine_recognition,,,,,,,,,4,2,1,d,0.8222,
,,,,,,,,,5,1,1,d,0.8222,
,,,,,,,,,6,1,1,d,0.8222,
,,,,,,,,,7,2,1,d,0.8222,
,,,,,,,,,8,2,1,d,0.8222,
,,,,,,,,,9,2,1,d,0.8222,
,,,,,,,,,10,1,1,u,0.8222,
,,,,,,,,,,,,,,
xd6,13,973,9,2,binary,0.11,classification,,1,13,1,d,1,
xd6,,,,,,,,,2,13,1,d,1,
xd6,,,,,,,,,3,13,1,d,1,
xd6,,,,,,,,,4,13,1,d,1,
,,,,,,,,,5,13,1,d,1,
,,,,,,,,,6,13,1,d,1,
,,,,,,,,,7,13,1,d,1,
,,,,,,,,,8,13,1,d,1,
,,,,,,,,,9,13,1,d,1,
,,,,,,,,,10,13,1,d,1,